geoid,lat,lon
490351113061,40.6094422,-111.8259365
490351113062,40.6068923,-111.8144187
490351114001,40.7219003,-111.8796932
490351114002,40.7155063,-111.8797286
490351114003,40.7087113,-111.8797335
490351114005,40.7155031,-111.8854228
490351114006,40.7218961,-111.8854
490572002022,41.255392,-111.9628966
490351117023,40.7044252,-111.8740448
490351117024,40.7024079,-111.8798487
490351117022,40.7028133,-111.8856027
490351117012,40.6934637,-111.8798528
490572004001,41.2408065,-111.9810729
490572004002,41.2372894,-111.9734526
490572005001,41.2498165,-111.9651948
490572005002,41.2467743,-111.9611162
490111270033,40.88975,-111.9404165
490111262062,40.9284406,-111.9678556
490119800001,41.1291265,-111.9919303
490111261082,41.0058908,-111.9834842
490111261071,41.0387041,-111.9903436
490111254112,40.9581019,-112.2134044
490111254082,41.1344047,-112.1791968
490111251033,41.1344972,-111.9337443
490111270024,40.8441451,-111.9247004
490111270052,40.8662962,-111.9196444
490111254151,41.0711011,-112.0214594
490111252012,41.1067091,-111.9985
490111254131,41.0800235,-112.0409652
490111254111,41.0715148,-112.0733918
490111262051,40.9949655,-111.9213404
490111262061,40.975583,-111.9040893
490111263033,40.9556245,-111.8416295
490111251031,41.1107316,-111.9446047
490111258093,41.0998942,-111.9826798
490111258102,41.0928016,-111.9868032
490111260023,41.0559862,-112.0022709
490111261081,41.018687,-111.9556136
490111261062,41.0348272,-111.9543071
490111262052,41.0060349,-111.9153039
490111253074,41.1418314,-112.1024986
490111264043,40.828537,-111.866247
490111258101,41.1007156,-111.9997119
490111253062,41.1463409,-112.0803937
490111254132,41.0671052,-112.0346888
490111254081,41.0928121,-112.092997
490111254071,41.1235177,-112.0740481
490111253071,41.131403,-112.0757312
490111261072,41.0438989,-111.9737628
490111255023,41.1120549,-112.0365852
490111259064,41.0533793,-111.9466636
490111254091,41.0858921,-112.0665486
490111253054,41.1362421,-112.0548369
490111259062,41.0567003,-111.9524738
490111269025,40.8658179,-111.8895608
490111269024,40.8588677,-111.8937003
490111270061,40.8729723,-111.9069484
490351151071,40.4694343,-112.0611777
490351128312,40.4780448,-111.864792
490351135441,40.6769928,-112.0299645
490351130251,40.5452218,-111.9720221
490351130242,40.5491362,-111.9626951
490351135451,40.6670239,-112.0590181
490351135431,40.6125923,-112.0121721
490351135421,40.6165536,-112.0393045
490351135442,40.6797674,-112.0451947
490351151082,40.4700708,-112.0028448
490111259063,41.0487797,-111.9525084
490111252011,41.1134651,-112.0088912
490111257013,41.1002158,-112.0175253
490111254083,41.0978586,-112.1024616
490111253072,41.1317871,-112.09333
490111254101,41.0708365,-112.0515508
490111254121,41.0783473,-112.0322072
490111254141,41.0853091,-112.0133973
490230102004,39.7822009,-111.8998022
490230102003,39.7992379,-111.8482098
490230101005,39.6966265,-111.8372388
490572103061,41.277136,-111.9833722
490572101013,41.2149764,-111.8896076
490572101022,41.3372604,-111.8497918
490572105182,41.2249281,-112.0316192
490572112024,41.1607855,-111.9584583
490572112025,41.151447,-111.950264
490572103052,41.2985882,-111.9784622
490572104061,41.2989453,-112.0349983
490572104062,41.32142,-112.0387724
490572104072,41.2844854,-112.0487691
490572104052,41.2876498,-112.0153277
490572104073,41.2991672,-112.063925
490572105132,41.1944042,-112.0394963
490572011002,41.2229784,-111.9819362
490572104081,41.2389797,-112.3061695
490572101012,41.2620396,-111.7917962
490572105142,41.1879499,-112.0695063
490572101011,41.3700825,-111.9334158
490572105141,41.1783029,-112.0729989
490572104051,41.2584053,-112.016197
490572003022,41.2490733,-111.9844134
490572103051,41.3009315,-111.9895539
490572105093,41.1740252,-112.0756999
490572105134,41.1855746,-112.0465257
490572105143,41.1892009,-112.0545503
490572105133,41.1801827,-112.0551308
490572105151,41.1820931,-112.0939003
490572105092,41.1686776,-112.0796999
490572105152,41.1623243,-112.0937325
490572105171,41.2126118,-112.073769
490572105181,41.2309285,-112.0880052
490572105161,41.1812218,-112.1527322
490572104082,41.3008989,-112.0924006
490572105163,41.1602138,-112.1375958
490572020004,41.1748899,-111.9448287
490572103053,41.2989758,-112.0011547
490572003013,41.2567088,-111.9741674
490572105172,41.1987752,-112.0778391
490572105162,41.1677122,-112.1325745
490572104071,41.3192785,-112.0619291
490439641041,40.8602009,-111.1758993
490439641031,40.746816,-111.4308248
490439641032,40.7933336,-111.3625296
490439641042,40.865544,-111.449232
490439641043,40.8984847,-111.3853821
490439643072,40.7170482,-111.5014973
490572103062,41.288367,-111.9787995
490572103043,41.3163919,-112.0046346
490572003012,41.2631079,-111.983751
490572003011,41.2560986,-111.9827657
490572105131,41.2007366,-112.0313571
490532701011,37.4527618,-113.305542
490532701023,37.3211109,-113.0584763
490532703021,37.2020618,-113.8875061
490532701022,37.1266578,-112.9750965
490532711012,37.1053048,-113.5264308
490532712003,37.1219478,-113.546818
490532707023,37.1288434,-113.6286527
490532707013,37.1339041,-113.6197382
490532707011,37.1260323,-113.6187969
490532715021,37.0704622,-113.6209341
490532706014,37.1155278,-113.6247939
490532717023,37.0261072,-113.5853511
490532707021,37.1608731,-113.6217178
490532716004,37.0447213,-113.626155
490532708041,37.0912078,-113.5104617
490532703011,37.2615557,-113.5889065
490532701012,37.3178561,-113.2849088
490532701021,37.0626078,-113.1543405
490532717031,37.0655749,-113.5464974
490532704021,37.2332878,-113.6933999
490532708031,37.1159919,-113.4870179
490532708042,37.1052276,-113.5139146
490532715013,37.0945441,-113.5978164
490532716003,37.0575578,-113.6054512
490532708032,37.0556796,-113.464407
490532717032,37.084296,-113.53339
490532709031,37.1889696,-113.2865293
490532709053,37.0576151,-113.3988379
490532709052,37.1734658,-113.3031328
490532709051,37.1368959,-113.4181202
490532709041,37.1850098,-113.3346862
490532709043,37.1823247,-113.4040357
490532701013,37.2485116,-113.4075568
490532705023,37.1396679,-113.6611846
490532718003,37.083884,-113.5740773
490532709032,37.1887086,-113.3083847
490532707012,37.1286711,-113.6081607
490532705011,37.1226614,-113.6823113
490532703012,37.1735298,-113.5633604
490532717033,37.0740948,-113.5299578
490532708061,37.1417008,-113.461733
490532706023,37.095452,-113.6442149
490532711021,37.1143166,-113.5443913
490532708023,37.1439215,-113.5316947
490532708024,37.1734038,-113.5273175
490532715011,37.109086,-113.6084834
490532715012,37.1164385,-113.607925
490532706011,37.111545,-113.613115
490532717042,37.0708357,-113.5695822
490532706012,37.1169357,-113.61879
490532712002,37.1037054,-113.5480523
490532706021,37.110244,-113.6400986
490532706013,37.0972261,-113.6139462
490532706022,37.0876893,-113.6195243
490532703013,37.1126326,-113.5907723
490532711023,37.118655,-113.5362181
490532707022,37.1440052,-113.6314215
490532704011,37.1646042,-113.6954812
490532704013,37.1549314,-113.6640407
490532708053,37.1261791,-113.496167
490532708051,37.1360508,-113.4994676
490532708052,37.1426056,-113.4840797
490532711011,37.1110436,-113.5266892
490532703014,37.1081392,-113.5710685
490532704012,37.1552075,-113.6774686
490532705022,37.1409628,-113.6544604
490532708021,37.1306082,-113.5145899
490532711022,37.1049931,-113.5376971
490532711024,37.1117321,-113.5362815
490532717041,37.0808685,-113.5629177
490532709042,37.1810617,-113.3594056
490532709012,37.1083338,-113.2942218
490532701024,37.025434,-112.9825435
490532705021,37.149322,-113.6425853
490532711013,37.119274,-113.5171986
490111253073,41.1362421,-112.0692831
490111254143,41.0783445,-112.0169565
490111254072,41.0964085,-112.0693851
490111257012,41.0903543,-112.0086536
490111261061,41.0101845,-111.940518
490111254152,41.0840315,-112.023007
490111258015,41.0884634,-111.9942295
490111258012,41.080869,-112.0025412
490111258091,41.1004656,-111.9758078
490111264044,40.8362363,-111.896576
490111270063,40.8694442,-111.8999102
490111254142,41.0783403,-112.0101936
490111270023,40.8466828,-111.9362723
490111258092,41.1013633,-111.9922914
490111258014,41.0800747,-111.9854584
490111270022,40.8542629,-111.9368843
490111270062,40.8795281,-111.899298
490111254122,41.0844864,-112.0300485
490111270051,40.8776807,-111.9208399
490111254073,41.107962,-112.0815257
490111254102,41.0782907,-112.0608435
490111253051,41.1362292,-112.0405066
490111253061,41.1463452,-112.0690661
490111254092,41.0829318,-112.0507984
490111258054,41.0852157,-111.9699048
490111254074,41.1211161,-112.0870565
490419754003,38.7287797,-112.0889899
490351128302,40.4902769,-111.8656823
490351135432,40.6188403,-112.0162552
490351130252,40.543559,-111.9802487
490351151091,40.448922,-111.9766795
490351130241,40.5589842,-111.9724517
490351151081,40.4864186,-112.0141699
490351128301,40.4952771,-111.8648872
490351128311,40.4709829,-111.9008363
490351014021,40.7683014,-111.8226747
490351139091,40.670634,-112.1558372
490351021002,40.7628286,-111.8825013
490351019004,40.7633744,-111.8746351
490351129045,40.6317932,-111.9743599
490351129044,40.6274817,-111.970028
490351130105,40.5676828,-111.9339054
490351111061,40.6606839,-111.8400458
490351111062,40.6623003,-111.8485004
490351111072,40.653775,-111.8439464
490351111091,40.6461225,-111.8400125
490351121021,40.6502869,-111.9183903
490351124051,40.6194095,-111.9157974
490351124062,40.5988272,-111.9115025
490351134142,40.6985038,-112.038134
490351145003,40.7348775,-111.980084
490351134122,40.6996581,-112.0166423
490351138041,40.6439472,-112.0209832
490351138053,40.6441113,-112.0104793
490351017004,40.7682655,-111.8667591
490351017001,40.7639197,-111.8667585
490351017002,40.7617454,-111.8667585
490351152112,40.583236,-112.0112015
490351129183,40.6040567,-111.9338337
490351143041,40.6006942,-112.0160923
490351128244,40.5669242,-111.9063377
490351126201,40.5769353,-111.8770666
490351126203,40.5772415,-111.8839393
490351126213,40.5771944,-111.8948207
490351128252,40.5284211,-111.9013444
490351128223,40.5534271,-111.8855632
490351126202,40.5711788,-111.8786288
490351121011,40.6590593,-111.894288
490351121012,40.6685471,-111.891489
490351139081,40.7002552,-112.1048459
490351139082,40.7003222,-112.0960427
490351130103,40.5765459,-111.9531091
490351130132,40.529243,-111.9734261
490351146013,40.5332267,-111.934878
490351111053,40.661984,-111.8583118
490351116022,40.6931241,-111.9170774
490351139032,40.7064031,-112.072793
490351128271,40.4733075,-111.9252104
490351145002,40.7057478,-111.9910277
490351130124,40.552603,-111.9204717
490351125054,40.6122127,-111.8631543
490351134153,40.7177036,-112.0445658
490351134151,40.707389,-112.0341978
490351138042,40.6492065,-112.0182209
490351116023,40.6935998,-111.9067646
490351124044,40.6236015,-111.8974575
490351124061,40.602393,-111.9071168
490351124063,40.608297,-111.9077761
490351116011,40.6965756,-111.8983342
490351111092,40.6439122,-111.8480911
490351135402,40.6307536,-112.0293037
490351143033,40.5949239,-112.0366753
490351131092,40.5349451,-112.0068146
490351116012,40.6908418,-111.8928078
490351128262,40.4790008,-111.9557564
490351146021,40.5112671,-111.9271737
490351133121,40.7086978,-111.9498872
490351135093,40.6913547,-111.9257029
490351121023,40.6573755,-111.9057366
490351128261,40.4935697,-111.9688779
490351133111,40.7193462,-111.9303565
490351119053,40.6783514,-111.8742509
490351128214,40.4804798,-111.8486504
490351135132,40.6493595,-111.9447118
490351133132,40.6878724,-111.9428879
490351135094,40.6896415,-111.9364817
490351131122,40.5028749,-112.0343803
490351112024,40.6232848,-111.8510322
490351125042,40.6249948,-111.8637091
490351128291,40.5131745,-111.888409
490351112023,40.6147672,-111.8422041
490351125041,40.6258222,-111.8691119
490351111081,40.6374544,-111.844559
490351131131,40.5157664,-112.0014285
490351125051,40.6169037,-111.8648176
490351128213,40.4918896,-111.8373526
490351130233,40.5413728,-111.9922535
490351126162,40.571059,-111.8313997
490351128242,40.5537569,-111.9052127
490351131141,40.520159,-112.0311093
490351131112,40.505502,-112.0196235
490351131132,40.5122117,-112.0230085
490351131091,40.5280927,-111.9962018
490351130133,40.5300074,-111.9856782
490351131101,40.4957157,-112.0109769
490351128251,40.4897969,-111.9200028
490351128281,40.5077131,-111.8760058
490351128243,40.5350308,-111.9113538
490351134144,40.7000848,-112.0484977
490351130222,40.5633815,-111.9984174
490351131121,40.4958366,-112.0336665
490351131142,40.5303101,-112.0259098
490351143032,40.5906473,-112.0518091
490351143011,40.6224038,-111.9830883
490351125052,40.6205412,-111.8605867
490351125043,40.6278391,-111.8622241
490351143042,40.6021537,-112.0272645
490351131102,40.4916413,-112.0131714
490351143012,40.6269067,-111.9830997
490351130231,40.5409113,-112.0098199
490351130223,40.5525188,-111.9913896
490351128282,40.5194596,-111.8749019
490351019003,40.7617423,-111.8767778
490351128221,40.5518854,-111.8759857
490351111042,40.6459315,-111.86245
490351111041,40.635566,-111.860464
490351014022,40.7648818,-111.8405393
490351145001,40.7057096,-112.0056482
490351130123,40.5654388,-111.9193832
490351118014,40.6952866,-111.8682105
490351111071,40.6529969,-111.8523428
490351139033,40.7137975,-112.0726112
490351133142,40.6932348,-111.9503272
490351128241,40.5474638,-111.9099596
490351125053,40.6179489,-111.8693652
490351134143,40.7001604,-112.05806
490351116021,40.6838132,-111.9093736
490351124052,40.6200545,-111.9073999
490351124043,40.6169126,-111.8968529
490351135411,40.6352554,-112.0447564
490351135401,40.6275888,-112.0436133
490351152111,40.549898,-112.0457529
490351126212,40.5773013,-111.9119614
490351121013,40.6771826,-111.8948498
490351133122,40.7157003,-111.9453839
490351133123,40.7003256,-111.9458741
490351121014,40.6678224,-111.8976846
490351143043,40.6065811,-112.0157974
490351146012,40.5307677,-111.9242955
490351133141,40.6929884,-111.9436455
490351101051,40.5974222,-111.7937895
490351101062,40.5764012,-111.7909934
490351101052,40.6019486,-111.7866465
490351126163,40.5765126,-111.8303044
490351130121,40.5410317,-111.9229584
490351131111,40.5008125,-112.0147695
490351131093,40.5280959,-112.0036848
490351130232,40.5400205,-112.0031154
490351143031,40.6056966,-112.0436598
490351133133,40.6844545,-111.9416181
490351143014,40.6245675,-111.9850728
490490101291,40.409626,-111.8825456
490490101221,40.3581461,-112.00717
490490101292,40.4090728,-111.8916705
490490102222,40.4171535,-111.8639037
490490101271,40.3723923,-111.8767703
490490105063,39.9647734,-111.8015089
490490002053,40.4025673,-111.8255196
490490101272,40.3834971,-111.8767898
490490105054,39.9802444,-111.793791
490490101251,40.3813611,-111.9214236
490490101261,40.3734527,-111.8968931
490490101241,40.3898623,-111.9106382
490490103081,40.1229816,-111.6184323
490490101141,40.3175804,-111.9823528
490490020022,40.2373092,-111.6812283
490490020021,40.2418834,-111.6785183
490490014011,40.2902764,-111.6634023
490490020012,40.2424052,-111.6706705
490490024002,40.2310075,-111.6613059
490490105055,39.9895002,-111.7919597
490490101303,40.3768488,-111.8575969
490490103071,40.106131,-111.607691
490490008042,40.3005993,-111.700917
490490101181,40.3410627,-111.9133854
490490034052,40.0287113,-111.7276463
490490034053,40.02608,-111.7369181
490490104104,40.0189225,-111.7334721
490490011032,40.2804623,-111.7074788
490499803001,40.2091,-111.6519268
490499805001,40.2022326,-111.6318777
490490032054,40.1061091,-111.6301139
490490102212,40.4283895,-111.8741374
490490027023,40.2039461,-111.6202046
490490103032,40.1357626,-111.5884152
490490103033,40.1448715,-111.5884408
490490022043,40.2540937,-111.7037722
490490022112,40.2663208,-111.7152444
490490022132,40.2273232,-111.7144148
490490011033,40.2788127,-111.7161341
490490102123,40.4480127,-111.8659415
490490102221,40.4265445,-111.8592138
490490101293,40.4234292,-111.9041445
490490014043,40.2584664,-111.6760616
490490105061,39.9723476,-111.7809009
490490101153,40.2626827,-111.9756066
490490101151,40.3021512,-112.0111691
490490005112,40.3607063,-111.7428167
490490022092,40.3008648,-111.7297309
490490005053,40.371378,-111.7037832
490490101103,40.3985918,-111.8922335
490490102231,40.4262959,-111.8068446
490490102241,40.4135541,-111.8114668
490490102163,40.4212704,-111.84514
490490102242,40.4134476,-111.8256693
490490102204,40.4192997,-111.7592535
490499804001,40.2338747,-111.6237522
490490027031,40.2257728,-111.6326895
490490027032,40.2271414,-111.6390979
490499802001,40.2595686,-111.64212
490490103062,40.1345857,-111.6317183
490490102233,40.4274977,-111.8165208
490490022102,40.2862007,-111.7293848
490490101233,40.4070973,-111.9354935
490490022122,40.282458,-111.7412029
490490007074,40.3299319,-111.7179609
490490101073,40.3440558,-112.0658884
490490101273,40.3628102,-111.8735936
490490101313,40.3295759,-111.7484087
490490101211,40.3724105,-111.9501191
490490103073,40.1110819,-111.626269
490490103061,40.119736,-111.633829
490490022093,40.3046975,-111.738937
490490101142,40.3248742,-112.0046445
490490101162,40.3005231,-111.9168354
490490101173,40.3249935,-111.9234376
490490101172,40.3239874,-111.9430557
490490101192,40.344428,-111.9952602
490490101191,40.3546056,-111.9854783
490490001053,40.4157139,-111.8352998
490490101302,40.3692713,-111.853181
490490102262,40.3873975,-111.7447257
490490101283,40.4247957,-111.8897752
490490102211,40.4234074,-111.8775686
490490033011,40.1043346,-111.6726469
490490101212,40.3746711,-111.9685505
490490104043,40.0963623,-111.6285364
490490101101,40.4020433,-111.8779556
490490102132,40.3966599,-111.7496499
490490101282,40.4160166,-111.8786291
490490102254,40.3793458,-111.7544059
490490002082,40.3881719,-111.8024005
490490014031,40.2537961,-111.6713908
490490104044,40.0864537,-111.6247624
490490104103,40.0013086,-111.7568171
490490030022,40.1694772,-111.5985495
490490005114,40.3625708,-111.7514773
490490102172,40.4683388,-111.8287087
490490101231,40.3924948,-111.926764
490490034051,40.038798,-111.7286516
490490022091,40.3192127,-111.7407715
490490022082,40.3004154,-111.7502811
490490103082,40.121514,-111.602659
490490105052,39.988321,-111.783321
490490014033,40.2537456,-111.6645797
490490014034,40.257854,-111.666522
490490020011,40.237238,-111.6711074
490499803002,40.2238249,-111.6712367
490490016013,40.2526027,-111.657416
490490018012,40.2429957,-111.6491031
490490018013,40.2435814,-111.6448243
490490102133,40.3981171,-111.7577762
490490002083,40.382394,-111.8017984
490490005101,40.3624506,-111.7643807
490490022081,40.3133592,-111.7578238
490490005111,40.3579499,-111.7517637
490490102261,40.3816714,-111.7352347
490490002071,40.3938397,-111.8252897
490490010023,40.2859944,-111.6809779
490490002072,40.3825598,-111.8191125
490490102223,40.4170608,-111.8544303
490490014012,40.3040337,-111.6603486
490490101314,40.36906,-111.845553
490490103083,40.1329486,-111.6059222
490490007093,40.3230027,-111.6900133
490490101242,40.4032762,-111.9093644
490490008041,40.3008274,-111.7100421
490490101152,40.2815079,-112.0308526
490490102232,40.423782,-111.8238309
490490104053,40.0864823,-111.6112441
490490104113,40.0230789,-111.6797399
490490033022,40.1113836,-111.66439
490490101222,40.3733476,-111.9844617
490490101203,40.3404523,-111.9724047
490490101202,40.3547787,-111.9545971
490490101201,40.356768,-111.9696001
490490101262,40.3805777,-111.903237
490499806001,40.2169282,-111.7210797
490490101182,40.3502138,-111.9096818
490490033021,40.1187282,-111.6593056
490490002052,40.4026346,-111.8144491
490490032053,40.1021441,-111.6222481
490490104042,40.0946023,-111.6216873
490490029015,40.1639904,-111.6275743
490490102263,40.3792733,-111.7446797
490490102162,40.4299888,-111.8451164
490490013004,40.2804961,-111.6774468
490490007073,40.3227796,-111.7168868
490490014042,40.2606559,-111.6698921
490490022063,40.2300059,-111.698929
490490005113,40.3644342,-111.7567385
490490101171,40.3325391,-111.9189462
490490022101,40.2787483,-111.7258406
490490021023,40.2430721,-111.6870688
490490014032,40.2557041,-111.6699228
490490020013,40.2469525,-111.6696285
490490001043,40.4105098,-111.8591004
490490018014,40.2443297,-111.6575419
490490017013,40.2467997,-111.6399859
490490023003,40.2296237,-111.6711202
490490101161,40.3215476,-111.9104537
490490005102,40.3591983,-111.7711314
490490027024,40.2058131,-111.6032804
490490101232,40.4011255,-111.9284486
490490102203,40.4260802,-111.7558119
490190003022,38.9743261,-109.5734502
490190003012,38.517689,-109.3851545
490190003011,38.521775,-109.4910196
490190003021,38.5576159,-109.5422423
490451307071,40.1964019,-112.3737998
490451307083,40.6599119,-112.4520115
490451307082,40.5498237,-112.5245275
490451307072,40.4608741,-112.3021859
490451309003,40.549394,-112.3046944
490451311022,40.5187393,-112.3080949
490451312003,40.5192655,-112.297312
490451310032,40.5358647,-112.2788594
490451307081,40.5739152,-112.4323504
490451311012,40.5261497,-112.3235725
490451310031,40.5355149,-112.2909789
490451310041,40.5459655,-112.2789489
490451307042,40.6447927,-112.3009004
490451307041,40.6343509,-112.3184167
490451307062,40.5800685,-112.3732645
490451310051,40.5457948,-112.2909406
490451307063,40.5836811,-112.3309863
490451307061,40.5588737,-112.305856
490451311011,40.512798,-112.32577
490451307053,40.6340004,-112.2946465
490451310012,40.559005,-112.2866406
490451307051,40.6273849,-112.2981195
490451307052,40.61553,-112.3235571
490451309001,40.5376639,-112.3142635
490451311021,40.5287194,-112.3064569
490050011011,41.7149272,-111.8231317
490050011023,41.7230222,-111.8018957
490050014013,41.642983,-111.8335839
490050002023,41.8604376,-111.814237
490050012022,41.6930986,-111.8495998
490050011013,41.7063839,-111.8295692
490050012011,41.692,-111.8242246
490050002012,41.8218414,-111.8637036
490351119041,40.6703876,-111.8681636
490351120011,40.6694707,-111.881067
490532712001,37.1034129,-113.5568312
490050001011,41.899572,-111.7878175
490059801001,41.6748774,-111.6452383
490050001013,41.9642552,-111.7825982
490050002024,41.84481,-111.791554
490050002022,41.8206465,-111.8016468
490050004021,41.7928981,-111.7866137
490050014021,41.6490619,-111.8837163
490050014022,41.628105,-111.8778825
490050011021,41.7340534,-111.7946652
490050012013,41.6583799,-111.8130706
490050012021,41.6648754,-111.8548171
490490019003,40.2384246,-111.6648163
490490106001,40.0271985,-111.9673413
490479684013,40.4600436,-109.5334057
490479684011,40.4652069,-109.5200661
490479402015,40.2967156,-109.9451855
490479402011,39.7955536,-109.5273514
490479402013,40.3643877,-109.9132383
490190002002,38.5788773,-109.5568546
490190002004,38.5658364,-109.5421338
490190002003,38.5903482,-109.5788002
490190002001,38.5950473,-109.5340034
490351122013,40.6321567,-111.9143864
490351122021,40.6491906,-111.8952201
490351122022,40.6383109,-111.8959996
490351122023,40.6307493,-111.897187
490351123012,40.6545871,-111.8836255
490351126141,40.59847,-111.82464
490351126151,40.5924389,-111.8230382
490351126152,40.5891053,-111.8226136
490351124022,40.6005197,-111.8934627
490351124023,40.6008617,-111.8999332
490351124024,40.591821,-111.8964179
490572109002,41.1815786,-111.9586369
490572110001,41.1827166,-111.9758281
490572106002,41.1861095,-112.0332065
490572106003,41.1803272,-112.0218641
490572106004,41.1797241,-112.0316019
490572106005,41.1796162,-112.0406453
490572107011,41.1727552,-112.0282984
490572107012,41.1656583,-112.0257855
490572107013,41.165646,-112.0366671
490572107014,41.1728618,-112.0397827
490351131022,40.5862259,-111.9790035
490572107032,41.1654732,-112.0482803
490572108001,41.1927994,-111.975494
490572108002,41.1941229,-111.9675959
490572107041,41.157302,-112.0272164
490572107043,41.1567036,-112.042048
490572107044,41.1567416,-112.0494936
490572107045,41.1574414,-112.0588703
490211104002,37.6722771,-113.0709064
490211103002,37.7039389,-113.1473908
490211103001,37.6941604,-113.6400754
490211104001,37.6765796,-113.0741534
490572108003,41.1936631,-111.9612986
490572109001,41.1858376,-111.9655534
490351131011,40.5988928,-112.0014189
490351131051,40.5297815,-112.130873
490351007003,40.7789608,-111.8975805
490351101032,40.7135923,-111.6846964
490111258044,41.0960729,-111.9520593
490111270032,40.8645767,-111.9368376
490111264041,40.8281035,-111.9060341
490111260014,41.0519504,-111.9659554
490050010022,41.7266021,-111.8408476
490050010023,41.7154364,-111.8441312
490050011022,41.7235348,-111.8207008
490211104003,37.6684709,-113.0709983
490211104004,37.6626324,-113.0755645
490490102083,40.436801,-111.7924924
490490104111,39.9221358,-111.6965769
490490105031,40.1234427,-111.7605393
490490105032,40.1422631,-111.6930506
490490105041,40.0297224,-111.7762106
490490105042,40.0786603,-111.7565089
490490105062,39.9716726,-111.7881356
490490109001,40.4440392,-111.6292613
490490109002,40.1660105,-111.3912207
490499801001,40.4169986,-112.0446402
490251302002,37.0535357,-112.5326866
490251301001,37.2750892,-111.815329
490251301002,37.0682241,-111.7292029
490251301003,37.2975425,-112.6044428
490251302003,37.0177587,-112.5392264
490439644021,40.6240356,-111.491545
490439644012,40.6366155,-111.528697
490439644023,40.6602493,-111.4581485
490439644011,40.6554092,-111.5427279
490439643053,40.6575645,-111.5777587
490439644024,40.6633186,-111.496386
490439643051,40.7030892,-111.5697016
490439644022,40.6535876,-111.4904699
490439643052,40.7074276,-111.553246
490011002003,38.3968047,-113.0146911
490399724011,39.3287343,-111.6393915
490399721011,39.5268515,-111.3601997
490399721022,39.580852,-111.494405
490399721024,39.7413839,-111.3816269
490399721023,39.6298549,-111.3692633
490399721012,39.5438581,-111.4543652
490399721013,39.4395632,-111.4550451
490399724012,39.3598552,-111.5879923
490399721021,39.6087896,-111.4398091
490399724022,39.3586474,-111.580228
490050010012,41.7258893,-111.8542144
490299702001,40.9251817,-111.7298232
490159763001,39.2164381,-111.0118895
490159762003,39.3074098,-110.9495858
490159765001,38.8800457,-111.1278257
490159762002,39.289689,-110.6808579
490159765002,39.1725065,-111.2406883
490159762001,39.4562425,-111.0263878
490159765003,38.9049286,-110.4737236
490159762004,39.3326298,-110.9727123
490050004034,41.8023687,-111.8093093
490351123013,40.6451596,-111.8798211
490351123021,40.6359528,-111.8690474
490351123022,40.6402062,-111.8809919
490351125011,40.6241346,-111.874351
490351125012,40.6262966,-111.8784632
490351125013,40.6259297,-111.885976
490351126161,40.5737513,-111.8156591
490351127001,40.5962223,-111.8769239
490351127002,40.5909582,-111.8771318
490351127003,40.5922492,-111.8864083
490351128041,40.5551556,-111.8674257
490351128042,40.5551168,-111.8579759
490351128044,40.547899,-111.858068
490351122011,40.645431,-111.9063845
490351122012,40.6426446,-111.9158342
490050005014,41.7472341,-111.845105
490050005011,41.7458247,-111.8385752
490351126191,40.6001665,-111.8359041
490351128052,40.5371784,-111.866553
490351126192,40.5970038,-111.8440448
490351126081,40.5909213,-111.840641
490351126082,40.5840898,-111.8393118
490351126083,40.5915369,-111.8483675
490351126084,40.584633,-111.8490764
490532718001,37.094122,-113.5631682
490351123023,40.6344539,-111.8804879
490532710001,37.2293111,-113.2408483
490532702002,37.4922635,-113.8137228
490532716001,37.0324328,-113.620323
490532702001,37.4307297,-113.5284651
490532714001,37.1039405,-113.5801538
490351126182,40.6048189,-111.8468295
490351126112,40.6056795,-111.8674548
490351125031,40.6178058,-111.8771211
490351125033,40.612095,-111.8780633
490351126092,40.582929,-111.8207119
490351126093,40.5849571,-111.8293994
490351126101,40.6076952,-111.8815056
490351126102,40.6019385,-111.8758995
490351126103,40.6014217,-111.8852909
490351124021,40.6084478,-111.898047
490351125034,40.6125757,-111.8871669
490351126041,40.5723819,-111.8559916
490351126042,40.5746473,-111.8615805
490351126043,40.5762586,-111.868318
490351126044,40.5672814,-111.8627783
490351126121,40.5871815,-111.8591515
490351126122,40.5887631,-111.8682558
490351126131,40.5754107,-111.8399061
490351126132,40.574778,-111.8484448
490351126133,40.5647811,-111.8455188
490170003003,37.6947091,-112.3546234
490351129162,40.6009495,-111.9702386
490351129172,40.6034236,-111.9627541
490351129182,40.5953745,-111.9340704
490351129181,40.5862734,-111.9340023
490351130162,40.504002,-111.9640739
490351135091,40.6909924,-111.9317899
490351135092,40.6971022,-111.9281043
490351135101,40.6744712,-111.9504721
490351135103,40.6718639,-111.9438343
490351135153,40.6477978,-111.9305775
490351135381,40.6797438,-112.0114003
490351135382,40.6766333,-112.014245
490351135392,40.6709383,-112.0107374
490351135391,40.6738097,-112.02091
490351135372,40.6712115,-111.9722509
490351135361,40.6779348,-111.9814111
490351138023,40.6639809,-112.0128489
490490004003,40.369222,-111.7898294
490490022111,40.2726812,-111.7223526
490490101193,40.3602016,-111.9800252
490490101311,40.346592,-111.7799386
490490102251,40.3875519,-111.7543179
490490008031,40.3008223,-111.7201807
490351128121,40.5628488,-111.8606229
490351128122,40.5626857,-111.8676964
490351128124,40.5641823,-111.8825779
490351130071,40.5765761,-111.9962775
490351130072,40.5694884,-111.9951441
490351131013,40.5992079,-111.9831742
490351131021,40.5834353,-111.9933922
490351135362,40.6708724,-111.9823204
490351135202,40.6785299,-111.9628928
490351135211,40.6628016,-111.9717665
490351135212,40.6559132,-111.9729822
490351135221,40.6603342,-111.9553435
490351139062,40.7074573,-112.0966771
490351139031,40.710953,-112.087032
490572002032,41.2743652,-111.951933
490572002021,41.2630333,-111.964287
490351128131,40.5529122,-111.848644
490351128132,40.5530705,-111.8397965
490351128133,40.5428299,-111.8490404
490351128134,40.54286,-111.8362552
490351129041,40.6347362,-111.9695056
490351130102,40.5714115,-111.9434202
490351133101,40.6892655,-111.9551164
490351133102,40.6947886,-111.9627593
490351133093,40.6853072,-111.9627566
490299701022,41.0479825,-111.704407
490299701012,41.1565631,-111.469056
490299701021,41.0268078,-111.6155824
490299701011,41.1821864,-111.7682975
490299701013,41.1690809,-111.8350484
490351129042,40.628189,-111.9795696
490351129051,40.6350998,-111.953073
490351129053,40.6313049,-111.9625852
490351129073,40.6165297,-111.9414118
490351139041,40.7001422,-112.066678
490351139042,40.7000022,-112.0727159
490351139044,40.7000851,-112.0870412
490351139051,40.6915374,-112.0663416
490351139052,40.6935125,-112.0749768
490351139053,40.6858278,-112.0738934
490490027022,40.2161144,-111.632813
490490029012,40.1558556,-111.6422413
490490030011,40.1694653,-111.6069586
490490101322,40.2945231,-111.8948064
490351135222,40.6603473,-111.9626659
490351135232,40.6498676,-111.982166
490351135233,40.6424691,-111.981917
490351135261,40.6466887,-112.0504643
490399723002,39.1501517,-111.7797189
490399723004,39.1565182,-111.8336101
490351135272,40.6353139,-112.0147759
490351135273,40.6349592,-112.0091296
490490001024,40.3930203,-111.8543231
490490002061,40.3949019,-111.8143253
490351133071,40.7079662,-111.9557753
490351133072,40.7075354,-111.9627821
490351133073,40.7076688,-111.9722417
490351135281,40.6277357,-112.0211625
490351135282,40.6295939,-112.0131539
490351135283,40.6260856,-112.0115167
490490005052,40.3640281,-111.7092386
490490005071,40.3584466,-111.6944851
490490005082,40.3711677,-111.7542865
490490006033,40.3400479,-111.7121695
490490006041,40.3468727,-111.6877617
490490007111,40.3155701,-111.6732133
490490007112,40.323264,-111.6614401
490490011061,40.2935459,-111.7099288
490070005003,39.6674385,-110.8808762
490351133074,40.7190018,-111.9653788
490351133081,40.7002496,-111.9554466
490351133083,40.7002647,-111.9723213
490351135321,40.6449177,-111.9603069
490351135322,40.6467325,-111.9648236
490351135331,40.6385828,-111.9297837
490351135332,40.6442639,-111.9478507
490351135333,40.6433497,-111.9546266
490050003012,41.8218418,-111.9791309
490050003011,41.8559417,-111.917465
490050003023,41.7509988,-111.8992621
490050004012,41.770822,-111.8271789
490050004013,41.761197,-111.8265936
490050006022,41.753799,-111.8293061
490050006013,41.7473918,-111.8293326
490050006021,41.7553413,-111.8189983
490050006011,41.7491762,-111.8163709
490050006023,41.7516275,-111.8191657
490050003021,41.7102446,-111.8691848
490050003022,41.6905696,-111.8782132
490050012023,41.6801017,-111.8551135
490050006014,41.7467891,-111.8203027
490050006012,41.7473639,-111.8165466
490351129071,40.6170908,-111.9460332
490351134061,40.7002551,-111.9818661
490490011081,40.2857142,-111.6926726
490490015013,40.3042716,-111.6374609
490490017011,40.2508955,-111.6379053
490490017023,40.2424883,-111.6397776
490490101071,40.3870078,-111.9752349
490490101072,40.3833333,-112.0114089
490490101102,40.392925,-111.8766887
490490101321,40.2432511,-111.9015717
490490022062,40.2298133,-111.6911622
490351136001,40.6639337,-111.991063
490351136002,40.6566452,-111.9911636
490351136003,40.6632394,-111.9979996
490351136004,40.6560414,-111.9980777
490351137013,40.6425488,-111.9894032
490351137021,40.6498093,-111.997305
490351137022,40.6445284,-111.997623
490351137011,40.6405342,-111.9977336
490139405012,40.294923,-109.9841787
490139403002,40.1917825,-110.3408146
490139405022,40.3183047,-110.0413121
490139405021,40.3020155,-110.0087196
490139405011,40.3094144,-109.9842369
490351129121,40.6161473,-111.9780189
490351129122,40.6165949,-111.970057
490351130111,40.5532518,-111.9529556
490351130112,40.5490762,-111.9448028
490351130113,40.55113,-111.9339468
490351130122,40.5760872,-111.9238315
490351134062,40.7002449,-111.9914207
490351134063,40.7002249,-112.0009682
490351134081,40.6929447,-112.0536144
490351134082,40.6856893,-112.048869
490351134083,40.6857202,-112.0584816
490351135111,40.6778132,-111.9345667
490351135112,40.6719849,-111.9312684
490351135131,40.6600042,-111.941335
490351138011,40.6619064,-112.0186609
490351138012,40.6583,-112.0184047
490351138013,40.6548473,-112.0115297
490351138014,40.6549261,-112.0203432
490351138021,40.6634488,-112.0048924
490351138022,40.6571959,-112.0044155
490339501002,41.4736789,-111.2330535
490070002002,39.626872,-110.8115713
490070002001,39.6023924,-110.820233
490070003003,39.5931107,-110.7882702
490070001002,39.5778637,-110.7232804
490351130131,40.5297326,-111.9640188
490351134091,40.6893022,-112.0295769
490351134102,40.6929556,-111.9912371
490351134103,40.685728,-111.9915341
490351134104,40.6937104,-112.0006624
490351134101,40.6865181,-112.0010988
490351134111,40.692975,-111.9818555
490351134112,40.6857177,-111.9818292
490351134121,40.702216,-112.0102764
490351135133,40.660543,-111.948248
490351135142,40.6676548,-111.919057
490351135151,40.6606525,-111.9234638
490351135152,40.6580944,-111.9352289
490351129132,40.6167626,-111.9625912
490351129141,40.6339504,-111.9344487
490351129142,40.6272348,-111.9334639
490351129144,40.6207716,-111.9340547
490351129143,40.6134955,-111.9338883
490351130142,40.5302955,-111.9435764
490351130141,40.5313788,-111.9532353
490351134132,40.693818,-112.010368
490351134133,40.6865718,-112.0105346
490351134131,40.6893172,-112.0200189
490351135051,40.6792466,-111.9935674
490351135052,40.6733372,-111.9906575
490351135053,40.67694,-112.0013291
490351135054,40.6696234,-111.999469
490279743003,38.9515803,-112.2337894
490279743001,39.1516214,-112.1546156
490279742001,39.349015,-112.661474
490279741001,39.3921901,-112.3541362
490279743004,38.9692901,-112.3349694
490279743002,38.8406387,-112.7066773
490279742002,39.2084405,-112.6577867
490279741003,39.3641248,-112.5816988
490070003004,39.6031686,-110.8046737
490572002041,41.2839762,-111.9511972
490572002042,41.2831252,-111.9640028
490572102041,41.3010408,-111.9527675
490572103041,41.3106022,-111.9813755
490572002031,41.2746781,-111.9642067
490572007002,41.2271119,-111.9333309
490572109004,41.1763125,-111.9669141
490572102011,41.3219746,-111.9525606
490572105091,41.167784,-112.0698262
490572105081,41.1688904,-112.0596066
490572105101,41.1576886,-112.0744176
490572109005,41.171767,-111.9541499
490572020003,41.1743067,-111.9366272
490490103031,40.1406848,-111.5548721
490490103052,40.1047621,-111.5564456
490490104051,40.091641,-111.6124607
490490104061,40.0801791,-111.6824273
490490104062,40.0736899,-111.6344481
490490104091,39.9750036,-111.7494927
490490104092,39.93664,-111.7662398
490490104101,39.9989999,-111.7356895
490572105102,41.1616975,-112.0747492
490572103032,41.3266755,-111.9840365
490572101021,41.3163064,-111.6347524
490572005006,41.2380476,-111.9460856
490572003021,41.2637645,-111.9997853
490572002033,41.2693484,-111.964274
490572001002,41.2619621,-111.9448638
490572005003,41.2390979,-111.9627595
490572103034,41.3380038,-112.004645
490351117021,40.693467,-111.8741524
490351118022,40.7026421,-111.8585843
490351118021,40.7045205,-111.8688122
490351118012,40.6934841,-111.8626247
490490102111,40.473912,-111.7966853
490490102113,40.4670382,-111.7602527
490490102122,40.4407829,-111.8925516
490490031042,40.1592834,-111.5620477
490490031043,40.1502184,-111.5673075
490490031051,40.1639654,-111.5923908
490490032012,40.1173735,-111.6423987
490490034034,40.0289918,-111.7513486
490351118013,40.6891171,-111.8688904
490351118011,40.6934856,-111.8569094
490351119032,40.6806657,-111.8569689
490351119033,40.6807053,-111.862683
490351119031,40.6806779,-111.8684633
490211101001,37.9712968,-112.8673776
490211101003,37.8530116,-112.8186391
490211107021,37.5665761,-113.2360299
490211107022,37.6751431,-113.1408643
490230101002,39.7080131,-111.8700254
490479684012,40.4527938,-109.515234
490419753001,38.792883,-112.1568199
490419755002,38.5890003,-112.251047
490379781001,38.1009569,-109.3743934
490379781003,37.8744685,-109.321221
490379420001,37.2783034,-109.1957332
490379421002,37.1206546,-110.730754
490379782001,37.6038224,-110.0036533
490379782003,37.6104968,-109.4774229
490379782002,37.6743434,-109.4876067
490379420002,37.1192282,-109.4181235
490379781002,37.9012166,-109.4059178
490379421001,37.0992644,-110.0548614
490111257022,41.1176836,-112.0209244
490111264022,40.8698533,-111.7919085
490111267003,40.8915616,-111.8765599
490111260022,41.0512091,-111.9833744
490111269012,40.8761886,-111.8779957
490111258051,41.0851134,-111.9816653
490111262041,40.9858167,-111.8435325
490111262043,40.9736029,-111.8887618
490351135234,40.6510668,-111.9723543
490351135214,40.656918,-111.9819853
490351003072,40.8016233,-111.944476
490351130104,40.5767532,-111.9338487
490490102171,40.4376511,-111.8269451
490490102173,40.4499172,-111.8233672
490490015032,40.2771036,-111.631844
490490001023,40.3974614,-111.8538881
490490001034,40.3830986,-111.8596344
490490001041,40.4015441,-111.8447263
490490001042,40.4095249,-111.8468634
490490001051,40.3988191,-111.8344564
490490031062,40.1512276,-111.6003413
490490032041,40.1123853,-111.6477231
490490032042,40.1077317,-111.6475323
490490032051,40.1022614,-111.6308745
490490032052,40.109044,-111.6374151
490111259051,41.0760212,-111.9245039
490111259082,41.0769165,-111.9447652
490111262032,41.009912,-111.9025825
490111258072,41.1010522,-111.9662453
490111258071,41.0930261,-111.9666134
490451307012,40.550563,-112.2212671
490451308001,40.6075451,-112.4504455
490451310011,40.5538442,-112.2791379
490459800001,40.8506117,-112.5006893
490451307013,40.6859693,-112.2389933
490279742003,39.1211519,-113.495233
490279741004,39.3448056,-112.5885014
490279741002,39.3452726,-112.5526686
490351113024,40.6145416,-111.8007266
490351128162,40.5038583,-111.8632857
490351135263,40.648344,-112.0289407
490351126173,40.5662314,-111.8272755
490351117013,40.6970184,-111.8853629
490490001052,40.4087897,-111.8348955
490490002033,40.3745767,-111.7775065
490490002051,40.4031461,-111.8001866
490490002062,40.3953187,-111.8019935
490490005041,40.3721935,-111.7324192
490490005042,40.3651633,-111.7347207
490490005043,40.364734,-111.7240669
490490005051,40.3729198,-111.7202657
490490102161,40.4265005,-111.8337474
490111253052,41.128952,-112.0404056
490111253043,41.1498295,-112.0411547
490111255032,41.099796,-112.0552175
490111255011,41.12171,-112.0548939
490111255013,41.114645,-112.0495345
490111258052,41.0782954,-111.9667341
490170003001,37.8226363,-112.4347928
490351135122,40.6808326,-111.9166826
490351005001,40.7888476,-111.9211813
490351027012,40.7539589,-111.936516
490351130171,40.5186127,-111.95375
490351129213,40.5923827,-111.9649728
490351131014,40.5911226,-111.9997076
490351023002,40.7584808,-111.8824998
490351119052,40.6846969,-111.874105
490490005061,40.3564701,-111.7318233
490490005062,40.3566998,-111.7200756
490490005072,40.3573352,-111.7105227
490490005081,40.372335,-111.7640258
490490005083,40.3699294,-111.7442823
490490006031,40.3487908,-111.7170726
490490102191,40.4264349,-111.7939393
490490102192,40.4199323,-111.7800361
490490102193,40.4139253,-111.7950968
490490102201,40.4250455,-111.7672899
490111258053,41.0844449,-111.9625365
490111260011,41.0666333,-111.9748783
490111258041,41.0979089,-111.9315806
490111259083,41.0790342,-111.9324875
490351028023,40.7309288,-111.9327124
490351003073,40.797844,-111.9464686
490351005005,40.7868214,-111.9146663
490351127004,40.5843937,-111.8815283
490351129072,40.6313081,-111.9435324
490351135201,40.6733546,-111.95864
490490006032,40.3408042,-111.7011122
490490006042,40.337922,-111.6791606
490351151072,40.4889129,-112.0295762
490351151073,40.4909214,-112.0242974
490490007064,40.3154547,-111.7089985
490490007081,40.3298329,-111.6964922
490490007082,40.3303345,-111.7063878
490490007091,40.3230372,-111.7012726
490490007092,40.3227377,-111.6804449
490490007101,40.3317208,-111.6876455
490490007102,40.3288967,-111.6797014
490490102202,40.4264797,-111.7333053
490490103051,40.1091685,-111.5887811
490490104041,40.0889554,-111.6210583
490111261054,41.018666,-111.9366734
490111261052,41.015778,-111.924574
490111263042,40.9338481,-111.88518
490111264052,40.8436029,-111.8885375
490111264042,40.8393746,-111.9097916
490111263043,40.9449416,-111.886075
490111251043,41.111116,-111.9177659
490351113021,40.6137275,-111.7932872
490351110021,40.6282645,-111.8177657
490351119042,40.6716151,-111.8592716
490351003081,40.7939819,-111.9379657
490351128161,40.5171571,-111.8611354
490351129202,40.5958382,-111.9460394
490490008013,40.3082636,-111.7101468
490490009033,40.3063589,-111.6789959
490490011051,40.2862921,-111.7097521
490490011052,40.2862889,-111.7199388
490490011062,40.2935653,-111.7201116
490490011071,40.286149,-111.7001863
490490011072,40.2933262,-111.6992412
490490011082,40.2776183,-111.6907915
490490104052,40.0889803,-111.6008519
490490104071,40.0386706,-111.6937728
490490104072,40.05247,-111.6747438
490490104081,40.0542816,-111.6639235
490490104082,40.0502256,-111.6521549
490111259061,41.062405,-111.9248397
490111259054,41.071999,-111.9233153
490111261053,41.0256545,-111.9346664
490111255031,41.0926022,-112.0546445
490111255012,41.1071499,-112.0604064
490050014023,41.6322832,-111.8537736
490351117011,40.690662,-111.8856178
490351135121,40.6780423,-111.9231374
490351119051,40.6710464,-111.874757
490351135143,40.6711873,-111.9176211
490351128123,40.5620228,-111.8763292
490351140001,40.7671743,-111.8896608
490351142001,40.619469,-111.9250292
490351142002,40.5934477,-111.9224281
490490015012,40.2881976,-111.6438508
490490016023,40.2536688,-111.6463512
490490017012,40.257299,-111.6214978
490490017021,40.2372534,-111.6407322
490490017022,40.2410282,-111.6320649
490490018024,40.2393518,-111.644858
490490021022,40.248772,-111.6750451
490490104083,40.0398938,-111.6708193
490490104102,40.0188999,-111.7541522
490490104112,40.027724,-111.6138705
490490105051,39.984975,-111.7736967
490490105053,39.9780643,-111.783153
490170004001,37.9596643,-111.0922585
490351126111,40.5984597,-111.8673232
490351128053,40.5303937,-111.8577213
490351126114,40.6058061,-111.8578138
490351135144,40.6714032,-111.91042
490050010024,41.7316984,-111.8511695
490050010011,41.7184018,-111.8533378
490490107001,40.3996053,-111.7839898
490490107002,40.3874867,-111.7757684
490490107003,40.3870362,-111.788714
490050007021,41.7478851,-111.8101025
490351126171,40.5654783,-111.8343444
490351110023,40.6289249,-111.8044558
490351128051,40.539482,-111.8583228
490351119043,40.6675917,-111.8605342
490351128233,40.5316459,-111.8797216
490351128222,40.5463296,-111.8846219
490399722001,39.5914366,-111.6221404
490399725001,39.2802181,-111.5350329
490399722002,39.5352141,-111.5803453
490399723001,39.2371336,-111.8537615
490399725002,39.2498836,-111.6785238
490351128163,40.4947179,-111.8818808
490351129043,40.6346906,-111.9805916
490351129131,40.6193432,-111.9527531
490351027011,40.7541229,-111.9319106
490351129212,40.5874615,-111.9530024
490351130101,40.5672887,-111.952906
490490022041,40.2508821,-111.719841
490351042006,40.7441808,-111.8057323
490351129211,40.5842338,-111.9644462
490351129161,40.6019632,-111.9743176
490351126113,40.5984662,-111.8578699
490351130084,40.5733187,-111.9817658
490490022051,40.2377464,-111.7222899
490490022052,40.2402877,-111.7009948
490490022061,40.2289853,-111.6837974
490351011023,40.7713333,-111.8821147
490351131012,40.5968817,-111.9934323
490351028022,40.7374884,-111.928159
490351027022,40.7606012,-111.931364
490490022042,40.2461233,-111.7033612
490490027021,40.2203253,-111.6282028
490351130082,40.5677956,-111.9625173
490351130173,40.5112211,-111.9482622
490351003071,40.7889219,-111.945451
490490029011,40.1770608,-111.63274
490490029013,40.1523192,-111.619189
490490029014,40.1526648,-111.6326226
490490029021,40.1694777,-111.6142528
490490029022,40.1792135,-111.6145181
490490029023,40.1621091,-111.613853
490490102081,40.4551085,-111.7953397
490490102082,40.4475582,-111.7893359
490490102091,40.4526173,-111.7702764
490351139063,40.7073728,-112.10443
490351027021,40.7671695,-111.9326683
490351003082,40.7973077,-111.9405528
490351119061,40.6810333,-111.8827424
490490102092,40.4499197,-111.7574461
490490102093,40.4360658,-111.7693988
490490102094,40.4440203,-111.7718537
490490102101,40.4091461,-111.7553512
490490102102,40.4097499,-111.7662518
490399723003,39.1300537,-111.81253
490399725003,39.1808317,-111.5039098
490351135262,40.6419229,-112.0283405
490351119062,40.6842656,-111.879911
490351124041,40.6259926,-111.8926205
490351124042,40.6129002,-111.9006334
490351131081,40.5943024,-112.0154763
490351131082,40.5918144,-112.009984
490490102112,40.4888428,-111.7277764
490490102114,40.4626626,-111.7721339
490490102121,40.4614818,-111.8849145
490490102131,40.3989383,-111.7675646
490319601001,38.2376261,-112.2831725
490319601002,38.3504245,-112.0685432
490490030012,40.1808826,-111.6075727
490490030013,40.1795332,-111.6006642
490490030021,40.1751497,-111.5814491
490351129201,40.5841,-111.9434499
490351129133,40.6122453,-111.9535174
490351128181,40.4953328,-111.9014336
490351128231,40.5406017,-111.8765588
490490102103,40.3991608,-111.7258081
490490031031,40.1558669,-111.5882679
490490031032,40.1506896,-111.5904908
490490031041,40.161173,-111.5827245
490490031052,40.1637606,-111.6041638
490490031053,40.1589644,-111.6036345
490490031061,40.148177,-111.6064937
490351129163,40.6044899,-111.9782667
490559791001,38.4276025,-111.6154951
490050002021,41.8325692,-111.8267335
490050004032,41.7941147,-111.8555323
490050005022,41.7515582,-111.8498814
490490007061,40.3237395,-111.7268088
490490007062,40.322739,-111.7216714
490490007071,40.3293765,-111.7126313
490490008011,40.3082049,-111.720323
490490008012,40.3078504,-111.7025136
490490009011,40.3085341,-111.6965296
490490009013,40.3081449,-111.6896426
490490009031,40.3100508,-111.6790734
490490009032,40.3087797,-111.6667795
490490009041,40.3007526,-111.68128
490572013021,41.2120624,-111.9539639
490572013022,41.2082348,-111.9530685
490572013023,41.2121919,-111.9636689
490572014002,41.217726,-111.9340538
490572014003,41.2144467,-111.9431972
490572015001,41.2082083,-111.9439785
490572015002,41.2043038,-111.9373162
490572015003,41.19127,-111.9431971
490572015004,41.1876823,-111.9327719
490572016001,41.201928,-111.9552098
490572016002,41.2020664,-111.9511737
490572016003,41.191949,-111.9521873
490572016004,41.1944579,-111.9566567
490572017001,41.2064307,-111.9616209
490572017002,41.2011773,-111.9635431
490572018001,41.2029315,-111.9793795
490572018002,41.2029619,-111.9708853
490572020001,41.1809695,-111.9498296
490572102012,41.3146128,-111.9596861
490490009042,40.3008615,-111.6713747
490490032011,40.1213645,-111.6496095
490490032031,40.0992396,-111.6476145
490572102013,41.3136221,-111.952324
490572102032,41.3086302,-111.9592856
490572102031,41.3116035,-111.941537
490572102042,41.292718,-111.9567401
490572103042,41.3189044,-112.0213834
490490007032,40.3155686,-111.691078
490490025001,40.2315605,-111.6531883
490011001003,38.2794643,-112.6444689
490490032032,40.0974023,-111.6386129
490490032033,40.092322,-111.6343218
490490034011,40.0550392,-111.7041794
490439643083,40.6763428,-111.5040891
490011001001,38.3450604,-112.5833973
490011001002,38.2937363,-112.6280315
490011002001,38.3601337,-113.4015527
490011002002,38.2145997,-112.9213892
490490034031,40.040628,-111.7412411
490490034032,40.0345505,-111.7439705
490490034033,40.0255052,-111.7435223
490050004033,41.8046515,-111.8239487
490379782004,37.6255062,-109.4793885
490139406003,40.4990244,-110.1021015
490139406004,40.4138825,-110.3863278
490139406001,40.0500338,-110.0486045
490139406005,40.3710632,-110.2366969
490139403003,40.2802474,-110.469351
490139406002,40.2544594,-110.1765274
490439642013,40.6798732,-111.3493918
490439643062,40.7426143,-111.528404
490439643073,40.7103704,-111.5272944
490439641012,40.9757376,-111.5039579
490439643081,40.6920333,-111.5013406
490439643061,40.7852965,-111.4862651
490439643071,40.7026558,-111.5411283
490451307011,40.6238944,-112.2466612
490451308004,40.610411,-112.4711369
490451312001,40.5269177,-112.2774776
490451309002,40.540693,-112.3065773
490351011021,40.7705149,-111.8858657
490351042001,40.72564,-111.808103
490351128232,40.5406741,-111.8864751
490351128212,40.51243,-111.8400499
490351135231,40.6439428,-111.9723865
490572110002,41.1784644,-111.9826504
490572111001,41.1743256,-111.979317
490572111002,41.169358,-111.9726518
490572111003,41.1583278,-111.9772001
490572111004,41.1683589,-111.9796016
490572111005,41.1689866,-111.9875276
490351135213,40.6641073,-111.9818816
490359800001,40.7938465,-111.9777716
490351130083,40.5732224,-111.9722301
490351130081,40.5768791,-111.9625306
490351147001,40.812871,-111.9437678
490351021001,40.7671759,-111.8825039
490351126142,40.5991329,-111.8167076
490351128142,40.5566432,-111.8154353
490351139061,40.8113279,-112.084936
490351131052,40.5023769,-112.057588
490419754001,38.7682219,-112.0787684
490050014012,41.6235308,-111.8407917
490111251042,41.1243401,-111.8669286
490111251022,41.0458954,-111.8685235
490111253041,41.143535,-112.0407356
490111253053,41.1289719,-112.054858
490111255022,41.1217401,-112.0404808
490050014011,41.6216911,-111.8149562
490050005021,41.7669737,-111.841288
490050004022,41.7655957,-111.7996641
490572105122,41.1816019,-112.0068451
490572007003,41.2244788,-111.942612
490572107031,41.1725497,-112.0499772
490572014001,41.2202942,-111.9427173
490572005005,41.2412253,-111.9531995
490572019001,41.2080711,-112.0077362
490572107042,41.1573305,-112.0361784
490572008003,41.2204376,-111.9537703
490572009003,41.2205662,-111.9634784
490572106001,41.193811,-112.0279
490351135102,40.6790581,-111.9433994
490339501001,41.8920167,-111.2635446
490039604001,41.573093,-112.306393
490039602003,41.7333607,-112.1654582
490039606011,41.5216979,-112.0108983
490572112012,41.1520024,-111.920488
490572112013,41.156127,-111.9326157
490572112021,41.1650288,-111.9640917
490572112022,41.1562134,-111.9509762
490572112023,41.1428407,-111.9395434
490050004011,41.766706,-111.8116339
490050008004,41.7361715,-111.8263971
490050009001,41.7338819,-111.8191404
490050009002,41.7286919,-111.8227524
490050009003,41.7269238,-111.8313603
490111257023,41.1091175,-112.0191099
490111257011,41.0973442,-112.00423
490111258011,41.0819326,-111.9982735
490111256001,41.0974082,-112.034103
490111258013,41.0773525,-111.9906078
490111258042,41.095725,-111.9182421
490111258043,41.0954868,-111.9224924
490050001012,41.9536633,-111.8664511
490050008002,41.741774,-111.8256505
490050002011,41.8660569,-111.8558129
490050012012,41.6932543,-111.8071694
490050001021,41.9609001,-111.9614341
490050005013,41.739322,-111.85061
490050010021,41.7324747,-111.8388996
490050013003,41.6108186,-111.9738426
490050004031,41.7859982,-111.8135929
490050011012,41.7055953,-111.8011396
490050007011,41.7564477,-111.787408
490050007012,41.7512815,-111.7997977
490050007022,41.7514431,-111.8066552
490050008001,41.7411014,-111.8194787
490050008003,41.7376282,-111.83227
490111257021,41.1059092,-112.0102783
490111263031,40.9343311,-111.8749941
490111251041,41.1295203,-111.9171062
490111271002,41.0322451,-111.9424054
490111264021,40.9028164,-111.8094481
490111268022,40.8684737,-111.8673825
490111265003,40.897023,-111.8678074
490111263051,40.9287357,-111.8541038
490111255021,41.1202262,-112.029543
490111267001,40.891687,-111.888401
490111251021,41.073798,-111.8736664
490111251032,41.1363267,-111.956373
490111259071,41.0843097,-111.9431112
490111259081,41.0865831,-111.9189063
490111259052,41.0707048,-111.9539701
490111259053,41.0633332,-111.9523231
490111253011,41.149961,-112.0309205
490111253012,41.1452777,-112.0301935
490111253013,41.1362451,-112.0304555
490111253014,41.1289257,-112.0302639
490111253042,41.1462264,-112.0550414
490111260021,41.0641675,-111.9829648
490111261011,41.0443158,-111.9451786
490111261012,41.0490821,-111.924757
490111261013,41.0443573,-111.9193996
490111260013,41.0631971,-111.9593667
490111261014,41.0546303,-111.9154946
490111271005,41.0357528,-111.9167529
490111271004,41.0291835,-111.9226713
490111271001,41.0344542,-111.9317114
490419753002,38.7706787,-112.0908774
490419753003,38.7646031,-112.0948738
490419754002,38.7900212,-112.062455
490419751002,38.9811108,-111.8529205
490111261051,41.0095996,-111.9295949
490111271003,41.0220956,-111.915489
490111262031,41.0026681,-111.8953933
490111262042,40.9877618,-111.888982
490111263032,40.9586552,-111.8871712
490111263041,40.9327483,-111.9017149
490111263061,40.9252596,-111.8818936
490111263062,40.9172756,-111.8816685
490111263063,40.9098286,-111.8818092
490111264062,40.8491875,-111.9018897
490111264061,40.8495952,-111.8925187
490111264051,40.8503952,-111.8785527
490532710002,37.2052882,-113.2785684
490111265001,40.8976591,-111.857743
490111265002,40.9031764,-111.8676209
490111265004,40.8892364,-111.8684781
490111265005,40.8881814,-111.8591312
490230101003,39.7125094,-111.8284923
490111266001,40.9030414,-111.8852833
490111266002,40.9001348,-111.8757044
490111266003,40.8966751,-111.8867173
490111267002,40.8868655,-111.8886871
490111267004,40.8868484,-111.87653
490111260012,41.0715392,-111.9677337
490111268011,40.8774841,-111.8555777
490111268012,40.8808429,-111.8660735
490111268013,40.8724833,-111.8611996
490111268021,40.8685061,-111.8563015
490111268023,40.8586555,-111.8633868
490111269011,40.8807903,-111.8771752
490111269013,40.8728732,-111.8796071
490111269014,40.8788368,-111.8847921
490111269015,40.878919,-111.8893934
490099601001,40.890099,-109.5057855
490111269016,40.8720797,-111.8951741
490111269021,40.8646853,-111.875693
490111269022,40.8671591,-111.8822014
490111269023,40.8589793,-111.8843232
490111270021,40.8470385,-111.910547
490111270031,40.9022952,-111.9036039
490479683012,40.4567917,-109.5493473
490070003002,39.5893684,-110.8014233
490532713003,37.0969775,-113.5733559
490532713001,37.0986316,-113.5671209
490532714002,37.1041047,-113.5878129
490532718002,37.0909708,-113.5474567
490490010011,40.2936722,-111.6896871
490490010013,40.2934898,-111.6726037
490490010021,40.2861801,-111.672226
490490010022,40.2864894,-111.6880284
490490011031,40.2780118,-111.6999916
490490012011,40.2693492,-111.6998182
490490012012,40.265786,-111.7056761
490490012021,40.2706035,-111.6891909
490490012022,40.2637545,-111.690934
490490012023,40.2636935,-111.684173
490490013001,40.276142,-111.679108
490490013002,40.2796752,-111.6842885
490490013003,40.268446,-111.6784527
490490014013,40.2719577,-111.6632011
490490015011,40.2880459,-111.6532101
490490015031,40.2761719,-111.6528828
490490015042,40.2664234,-111.6522868
490490015043,40.266852,-111.6451109
490490016012,40.253566,-111.6603683
490490016021,40.2546453,-111.653753
490490016022,40.2480308,-111.6506495
490050001022,41.9438129,-112.0643603
490050005012,41.7387683,-111.8384226
490050015001,41.5534298,-111.8596147
490050013001,41.7059671,-112.0070355
490050007013,41.740399,-111.804682
490230101001,39.7010864,-111.8273122
490230102001,39.778177,-113.1214952
490230102002,39.5360701,-111.9762005
490490007072,40.3226273,-111.7106933
490532716002,37.0463859,-113.5975289
490490018031,40.2358862,-111.6540516
490490009012,40.3009991,-111.6913618
490490023001,40.2305946,-111.678132
490490018021,40.2397146,-111.6568833
490490019001,40.2474532,-111.6630262
490490019002,40.2423541,-111.6630172
490490021011,40.250285,-111.691447
490490021012,40.2564433,-111.6896954
490490021013,40.2566066,-111.6806934
490490018022,40.2397035,-111.6533957
490490018011,40.2429851,-111.6542381
490490015041,40.2603066,-111.6519567
490490106002,39.9433078,-111.8570729
490490007063,40.3155284,-111.7204772
490490010012,40.2933131,-111.6811084
490490034012,40.0477685,-111.7366478
490490021021,40.2499551,-111.6816606
490490018032,40.2356047,-111.6475
490490034013,40.0465341,-111.7241792
490490006012,40.334694,-111.7272139
490490016011,40.2591452,-111.6592764
490490018023,40.2396458,-111.6490754
490490023002,40.2290492,-111.6648772
490490024001,40.2362731,-111.6604881
490490025002,40.2316325,-111.6464513
490490025003,40.227691,-111.6534456
490490025004,40.2277062,-111.6463604
490419755001,38.7125461,-112.1666773
490419753004,38.7555255,-112.0951921
490419752001,38.6516891,-111.6928612
490419752002,38.669902,-112.022656
490419755004,38.642111,-112.0807153
490419751001,38.903801,-111.5507415
490419755003,38.6465788,-112.1460739
490419751004,38.9551901,-111.9869761
490419751003,38.9386676,-111.872139
490490001021,40.4095499,-111.8703118
490490001022,40.4026556,-111.8623542
490490001031,40.3893792,-111.8552414
490490001032,40.3821023,-111.8371364
490490001033,40.3846021,-111.8490358
490490002031,40.3793892,-111.7897716
490490002032,40.3798064,-111.7762651
490490004001,40.3745455,-111.8014907
490490004002,40.364679,-111.7796108
490490006011,40.346738,-111.7467744
490351120012,40.6632404,-111.8680812
490351120021,40.6602414,-111.8740169
490351120024,40.6637899,-111.8849721
490351120022,40.646882,-111.8702734
490490007031,40.3158184,-111.6995273
490490007033,40.315594,-111.6815165
490479682013,40.5230589,-109.292631
490479682022,40.2981217,-109.5695741
490479682011,40.3851459,-109.4539683
490479682012,40.4222081,-109.4863234
490479684032,40.4516309,-109.5386217
490479684042,40.4327871,-109.5179452
490479682021,40.404686,-109.5134184
490479684031,40.4183061,-109.5639614
490479683013,40.4499598,-109.5677519
490479684041,40.4413157,-109.5233981
490351140003,40.7551675,-111.9004526
490351025011,40.7690546,-111.9097674
490351025021,40.7628225,-111.8968105
490351139083,40.6935165,-112.0970509
490351152101,40.5592914,-112.0171672
490351152113,40.5770138,-112.0379279
490351130212,40.5571793,-111.9822622
490351131053,40.4896548,-112.1024155
490351111052,40.6524209,-111.8601924
490351023003,40.7541294,-111.8858343
490351140002,40.7617397,-111.8896577
490351130221,40.5558977,-112.0046537
490351130211,40.5620516,-111.98927
490159763002,39.3016408,-111.147993
490532709011,37.1672097,-113.2934065
490351039003,40.729548,-111.8393905
490351040001,40.7369314,-111.826976
490351040002,40.7376181,-111.8336228
490351040003,40.7376156,-111.8393847
490351041001,40.7458257,-111.8331141
490351041002,40.7460836,-111.8393006
490351042002,40.7447312,-111.8095489
490351042003,40.7466618,-111.8213725
490351113022,40.6203185,-111.8084767
490351113023,40.6126999,-111.8113742
490351113042,40.6019544,-111.8004609
490351107021,40.684333,-111.8294974
490351139054,40.6892376,-112.0870431
490351101041,40.665354,-111.8005733
490351134092,40.6931054,-112.0391406
490351048004,40.7091515,-111.8640225
490351015003,40.762828,-111.8596012
490351129171,40.6053399,-111.9493159
490351130161,40.5117065,-111.9812816
490351133082,40.7002759,-111.962772
490351114004,40.7091755,-111.8853444
490351034001,40.7375602,-111.8567235
490351128141,40.5460726,-111.8204194
490351042004,40.7385063,-111.8194245
490351042005,40.7390207,-111.8106893
490351043001,40.729258,-111.8210984
490351043002,40.7224166,-111.8162294
490351044001,40.7173891,-111.8207752
490351044002,40.7214809,-111.8276342
490559791002,38.3173841,-110.8312538
490479402012,40.294056,-109.8450981
490479402014,40.5288271,-109.8893883
490479683021,40.6148878,-109.6422627
490351031003,40.7375635,-111.8853442
490351113041,40.5919295,-111.8025346
490351102003,40.7037533,-111.8125794
490351130174,40.5041659,-111.9483712
490351109004,40.6625295,-111.8159322
490351012002,40.7716569,-111.8610704
490351016001,40.7585036,-111.8545742
490351115001,40.7131718,-111.9071179
490351135271,40.6347259,-112.0213418
490351128152,40.5322402,-111.8336252
490572109003,41.1657397,-111.9516045
490572011001,41.2206913,-111.9732585
490572104041,41.2646663,-112.0721856
490572104042,41.2629407,-112.0459349
490351049001,40.7219745,-111.8740043
490351031002,40.7375657,-111.8796231
490351101031,40.8090403,-111.727516
490351133103,40.6907011,-111.9631342
490351135141,40.6666599,-111.9311412
490351130172,40.5183736,-111.9441627
490351120013,40.676643,-111.8848742
490351106004,40.6846189,-111.8197209
490351120023,40.6522382,-111.8715999
490351128151,40.5336306,-111.8456238
490351101042,40.6753307,-111.7116867
490351135371,40.6784813,-111.9722719
490351005003,40.7867247,-111.9276289
490351125032,40.617969,-111.8863674
490351126091,40.5819616,-111.8089947
490351126172,40.5641058,-111.819665
490351128043,40.5478935,-111.8674593
490351129052,40.6278365,-111.9530458
490351133091,40.6929994,-111.9723023
490439643031,40.7788411,-111.6145844
490439643043,40.7246886,-111.5800341
490439643041,40.7327149,-111.6080064
490439643042,40.7460461,-111.5867881
490439642011,40.5963001,-111.1881515
490439642012,40.6131687,-111.2748492
490439642022,40.7460628,-111.2861509
490351134093,40.6858633,-112.0391343
490351137012,40.6495123,-111.9899028
490351139043,40.7001391,-112.0787132
490351001001,40.7946113,-111.9115161
490351001002,40.775883,-111.9049681
490351002001,40.8122772,-111.8703688
490351141002,40.7222017,-111.8417173
490351141001,40.7224652,-111.8625992
490351047001,40.7147961,-111.8350217
490351047002,40.7161572,-111.8479256
490039608022,41.4656293,-112.0465432
490039602006,41.7476278,-112.1615847
490039606023,41.5263005,-112.0090834
490572105112,41.1932456,-111.9893774
490351003063,40.7826332,-111.9440975
490351003061,40.7767213,-111.9414826
490351003062,40.7721711,-111.9452982
490351147002,40.7948613,-111.9308534
490351005002,40.7843495,-111.9203429
490351005004,40.7868679,-111.9328763
490351006001,40.7791039,-111.9142966
490351047003,40.7161667,-111.8594064
490351048001,40.7101479,-111.838573
490351048002,40.7095056,-111.8489112
490351048003,40.7087985,-111.8568347
490351049002,40.7154865,-111.8684081
490351049003,40.7136877,-111.8740572
490351101033,40.6935402,-111.7929322
490479683023,40.4781339,-109.5881046
490479683011,40.3536962,-109.7116959
490479683022,40.475453,-109.5613322
490351113051,40.6181614,-111.8199711
490351006002,40.7791179,-111.9218423
490351006003,40.7777416,-111.928931
490351006004,40.7743505,-111.9341218
490351006005,40.7737013,-111.9149601
490351007001,40.7855836,-111.8971663
490351007002,40.7783583,-111.8905715
490351008001,40.7731027,-111.8889243
490351008002,40.7727926,-111.8926209
490351008003,40.7729802,-111.8965973
490351148001,40.8043407,-111.821591
490351101043,40.6835844,-111.794166
490351101044,40.6754652,-111.7943186
490351102001,40.708381,-111.8077307
490351102002,40.7035402,-111.800476
490351102004,40.7091128,-111.8197573
490351102005,40.7025871,-111.8192434
490351148002,40.786764,-111.8680937
490351010001,40.7806878,-111.8676557
490351010002,40.7803212,-111.8778499
490351011011,40.7745371,-111.8753071
490351011022,40.775106,-111.882871
490351011012,40.7710936,-111.8753077
490351012001,40.7758564,-111.8582409
490351012003,40.774672,-111.8676289
490351103001,40.7090478,-111.8269755
490351103002,40.7022067,-111.8284363
490351103003,40.7076363,-111.8317867
490351103004,40.7034673,-111.8363951
490351103005,40.7041534,-111.8411971
490351103006,40.7031369,-111.8477372
490351104022,40.6965023,-111.8292588
490351104023,40.6900298,-111.8290217
490351128211,40.5140684,-111.849796
490351012004,40.7710914,-111.8678172
490351148003,40.7733654,-111.8467152
490351015001,40.7671814,-111.8545345
490351015004,40.7628338,-111.8545395
490351016002,40.7584817,-111.8596334
490351016003,40.7531732,-111.8576418
490351017003,40.7660933,-111.8667573
490351104021,40.6931922,-111.836438
490351104011,40.6943685,-111.8437357
490351104012,40.6959156,-111.8517313
490351104013,40.68967,-111.850147
490351105001,40.6975654,-111.8043462
490351105002,40.6912774,-111.8063207
490039606012,41.518129,-112.0030726
490399724021,39.3460862,-111.5289737
490572105121,41.1638167,-112.0091193
490532717022,37.0597922,-113.5643503
490351018001,40.7584905,-111.8667954
490351018002,40.7535334,-111.86875
490351018003,40.7525508,-111.8647408
490351019001,40.7671783,-111.8782117
490351019002,40.7671781,-111.8739211
490351020001,40.7573946,-111.8753476
490351020002,40.7519451,-111.8731554
490351020003,40.7519727,-111.8774389
490351023001,40.7524992,-111.8817797
490351105003,40.6969645,-111.8198996
490351105004,40.6906313,-111.8195196
490351106001,40.6809901,-111.8017742
490351106005,40.6785565,-111.8198767
490351107011,40.6800152,-111.8457347
490070001001,39.6104009,-110.7853888
490070003001,39.6079206,-110.7985072
490070002003,39.63645,-110.8406366
490070006002,39.7010031,-110.698283
490070005002,39.6952099,-110.8640935
490070005001,39.6621253,-111.0134931
490070006003,39.5176744,-110.6982671
490070006001,39.6689547,-110.2509071
490351026001,40.7681464,-111.9189134
490351026002,40.7618374,-111.9194852
490351026003,40.7542232,-111.9167031
490351107012,40.6806902,-111.8512565
490351107022,40.677778,-111.8293779
490351107023,40.6842119,-111.8394113
490351107024,40.6781601,-111.8380509
490351108001,40.6707862,-111.8281399
490351108002,40.662734,-111.8284049
490351108003,40.6701389,-111.8358246
490519601002,40.4987222,-111.4187367
490490022131,40.2102326,-111.6787542
490490101312,40.3636759,-111.8218128
490490102253,40.379386,-111.7641942
490490002081,40.3872785,-111.81459
490490033012,40.1022562,-111.6601186
490490022121,40.269829,-111.7364417
490490022123,40.2905777,-111.7507265
490490013005,40.275628,-111.6715095
490490005103,40.3673583,-111.7718278
490490106003,39.8852357,-112.008877
490490103072,40.0971245,-111.6141191
490490101143,40.318753,-112.0194326
490490101301,40.3696874,-111.8623151
490490101281,40.440899,-111.9073772
490490109003,39.8968984,-111.3282379
490490101074,40.2359905,-112.0752235
490490101323,40.2041976,-111.8939504
490490101320,40.2093498,-111.8262846
490490101183,40.3292603,-111.9037724
490490101252,40.3620833,-111.9237791
490490015044,40.2686717,-111.6355625
490490034041,40.0331868,-111.7163223
490490034042,40.0389446,-111.7132176
490490014041,40.2631286,-111.6737306
490490102252,40.3875241,-111.7641729
490351106003,40.6784334,-111.8100997
490351106002,40.6844628,-111.809472
490351027013,40.7536645,-111.9259333
490351028011,40.7453051,-111.9132484
490351028012,40.7450755,-111.9245594
490351028013,40.7448014,-111.9338272
490351108004,40.6702455,-111.8471748
490351109001,40.6726893,-111.8182898
490351109002,40.6697734,-111.8127857
490351109003,40.6637336,-111.8088892
490351110011,40.6504688,-111.8109749
490351110012,40.6446547,-111.8210479
490532717021,37.0277662,-113.5235947
490532713002,37.1039596,-113.56872
490532714003,37.0943623,-113.5815685
490532708022,37.1953384,-113.4832127
490439643044,40.7471735,-111.5695857
490439643032,40.7645515,-111.5629721
490439642021,40.7095731,-111.2096169
490439642031,40.8572197,-110.485304
490439641011,41.0429616,-111.263989
490351028021,40.7327676,-111.9142477
490351029001,40.7459045,-111.896929
490351029002,40.7375363,-111.8962668
490351029003,40.7294813,-111.8962893
490351030001,40.7457045,-111.8767717
490351030002,40.7456987,-111.8853502
490351031001,40.7375674,-111.8739126
490351110013,40.6503096,-111.8311408
490351110022,40.6289765,-111.8292567
490451308002,40.5731058,-112.4727011
490451306001,40.1277643,-113.2793174
490451306002,40.5016499,-113.5949635
490451312002,40.5286112,-112.2910768
490451308003,40.587398,-112.4463358
490351032001,40.7294711,-111.8739207
490351032002,40.7294717,-111.8796215
490351032003,40.7294758,-111.8853386
490351033001,40.7294542,-111.8567405
490351033002,40.7294619,-111.8624675
490351033003,40.7294595,-111.8682027
490351034002,40.7375699,-111.8624677
490351034003,40.7375683,-111.8681934
490351035001,40.7457022,-111.8567213
490572112011,41.1577778,-111.8871365
490572020002,41.1658763,-111.9294222
490572103031,41.3408254,-111.9694151
490572103033,41.336099,-111.9870054
490572105123,41.1741546,-111.9942132
490351035002,40.7457253,-111.8624409
490351035003,40.7457097,-111.8681943
490351036001,40.7460594,-111.8448685
490351036002,40.7466077,-111.8507716
490351037001,40.7375698,-111.8451086
490351038001,40.7295968,-111.8450952
490351038002,40.7296285,-111.8509603
490351039001,40.7295065,-111.8278988
490351039002,40.7295452,-111.8336455
490351112011,40.6277891,-111.8393339
490351112012,40.6286615,-111.8513836
490351112022,40.6206503,-111.8386249
490351015002,40.7671734,-111.859583
490351123011,40.6530609,-111.8776553
490351112021,40.6188515,-111.8466838
490351133092,40.6857436,-111.9722922
490351037002,40.7375859,-111.8508993
490351126181,40.6113257,-111.8456609
490572105111,41.1883212,-112.000684
490251302001,37.0276504,-112.6495891
490251302004,37.1465096,-112.475169
490351121022,40.6704174,-111.9053002
490351121024,40.6574909,-111.9154969
490351143021,40.6180772,-112.003791
490351111051,40.6583376,-111.861946
490351138051,40.6513206,-112.0107196
490351138052,40.6465686,-112.0037552
490359801001,40.6225946,-111.9946834
490351128153,40.5280334,-111.7889719
490351133112,40.7063971,-111.9320449
490351101061,40.5519893,-111.7147945
490351146011,40.5272288,-111.9320085
490351130163,40.5149237,-111.9633203
490351128263,40.4911694,-111.9442398
490351101063,40.6169806,-111.6868121
490351133131,40.6856941,-111.9485312
490351134152,40.7063732,-112.0532028
490351134141,40.7012857,-112.0324271
490351111082,40.6328578,-111.8455371
490351014011,40.7543922,-111.8428678
490351143013,40.6343217,-111.9876558
490351126211,40.584048,-111.9095849
490351025022,40.7627953,-111.9067523
490351025012,40.7678818,-111.9021647
490170003002,37.8713657,-112.4451639
490170004002,37.8259752,-112.0349702
490050015002,41.5634421,-111.8233279
490050013002,41.620989,-111.9311646
490519601001,40.5224361,-111.4253596
490211101002,37.8455544,-112.8723241
490039603014,41.7216895,-112.1608209
490039603021,41.7189412,-112.1751164
490039603011,41.6962972,-112.1328673
490039603012,41.6999263,-112.1659896
490039603013,41.7133112,-112.1659801
490039603022,41.7046219,-112.1843503
490039603023,41.7188195,-112.2013151
490039603024,41.7078798,-112.1753678
490211105013,37.7030946,-113.0635193
490211105012,37.7009277,-113.0715423
490211102021,37.7917341,-113.0890995
490211107024,37.652759,-113.1117125
490211102023,38.0110175,-113.1563728
490211106022,37.544886,-112.978247
490211102012,37.7506718,-113.0448015
490211102011,37.7480737,-113.0645779
490211107041,37.7196205,-113.0699026
490211106021,37.6578426,-113.0415194
490211105023,37.6865069,-113.0737442
490211107023,37.6456212,-113.1476363
490211105021,37.6887342,-113.0654899
490211106012,37.6754852,-113.0579751
490211106011,37.6757044,-113.0642623
490211106023,37.6678705,-113.0617058
490211105011,37.7153589,-113.0556881
490211107042,37.6744647,-113.0818653
490211102022,37.7684877,-113.0395001
490211105022,37.7144704,-112.988887
490211103003,37.9660684,-113.6513797
490211107032,37.6745596,-113.0999455
490211107043,37.718857,-113.0963928
490211107031,37.6728525,-113.0887701
490519405011,40.300733,-111.0820069
490519605001,40.370839,-111.3964697
490519604012,40.4865171,-111.4553062
490519605002,40.5041231,-111.5133989
490519602041,40.4786873,-111.4068629
490519801001,40.4814282,-111.4245108
490519602013,40.4913492,-111.4027548
490519604021,40.5187409,-111.4871053
490519601003,40.4944141,-111.4283161
490519602042,40.4659186,-111.4163422
490519602032,40.500217,-111.3761927
490519602021,40.5108769,-111.4090751
490519602031,40.4881558,-111.3326052
490519602011,40.5038014,-111.4001068
490519602022,40.5113911,-111.4001385
490519604011,40.5193119,-111.4702386
490519602023,40.5270707,-111.3882229
490519604013,40.5309689,-111.4430205
490519602033,40.4731878,-111.3649475
490519602012,40.5039374,-111.4091772
490139403001,40.1799931,-110.4150963
490039604002,41.6361903,-112.1374021
490039601003,41.4896957,-113.2754152
490039608011,41.4742606,-111.9426348
490039602005,41.6564314,-112.0979987
490039604003,41.5524267,-112.1346526
490039605003,41.5185066,-112.0185283
490039605004,41.5093355,-112.0215646
490039606013,41.5157914,-112.0109126
490039607013,41.4909158,-112.0207871
490039607021,41.4945281,-112.0058241
490039607022,41.5020815,-112.0097329
490039608021,41.4782773,-112.0310935
490039606021,41.5310537,-111.9831466
490039608023,41.4555299,-112.0448825
490039606022,41.5091585,-111.9945467
490039601001,41.8122831,-112.533108
490230101004,39.7173657,-111.8311421
490039602002,41.7551466,-112.1256445
490039601002,41.8865454,-112.3106291
490039602001,41.8098235,-112.0884873
490039605002,41.4420809,-112.1593052
490039608013,41.4203599,-112.0650119
490039608012,41.4004199,-112.0043939
490039602004,41.7085426,-112.0590976
490039605001,41.5501836,-112.026885
490572001001,41.2652757,-111.9518331
490572001003,41.2551885,-111.9519992
490039606014,41.5094053,-112.0109981
490039607011,41.503969,-112.0240291
490039607012,41.4943576,-112.0302168
490211101004,37.8070047,-112.7114355
490572005004,41.240513,-111.967269
490572006001,41.2476714,-111.9510823
490572006002,41.2480238,-111.9445983
490572006003,41.2523384,-111.9389667
490572006004,41.2430391,-111.9340955
490439643082,40.6725054,-111.4894385
490351113052,40.6189585,-111.8293041
490572007001,41.2329322,-111.9378213
490572008001,41.2312388,-111.9531677
490572008002,41.2246228,-111.9536672
490572009001,41.2317396,-111.9637716
490572009002,41.2248269,-111.9636889
490572012001,41.2121869,-111.9783667
490572012002,41.2123035,-111.9706612
490572013012,41.2163706,-111.9635764
490572013011,41.2162428,-111.9538634
